{
  "positon": [
    -1.527534907137257,
    3.920425525300336,
    0
  ],
  "orientation": [
    0,
    0,
    -0.7074817619487095,
    0.7067316014654712
  ]
}