{
    "positon": [
      -1.7674270900923366,
      2.572593998741617,
      0
    ],
    "orientation": [
      0,
      0,
      0.6957562548257492,
      0.6434432120130226
    ]
  }