{
  "positon": [
    -2.665274097318009,
    1.5394563829245427,
    0
  ],
  "orientation": [
    0,
    0,
    -0.7071067966408575,
    0.7071067657322372
  ]
}