{
  "positon": [
    1.9804947011090475,
    1.5136771874267827,
    0
  ],
  "orientation": [
    0,
    0,
    -0.7071067966408575,
    0.7071067657322372
  ]
}