{
    "positon": [
      -2.0336706065971653,
      0.38112690937544824,
      0
    ],
    "orientation": [
      0,
      0,
      0.696299117943087,
      0.7177517247291567
    ]
  }