{
  "positon": [
    2.5863589410973904,
    0.20734818250292714,
    0
  ],
  "orientation": [
    0,
    0,
    0.7016715241159598,
    0.7125005770136513
  ]
}