{
    "positon": [
      3.1785929746925734,
      -1.2032227803533513,
      0
    ],
    "orientation": [
      0,
      0,
      1,
      0
    ]
  }