{
  "positon": [
    0.7627021990516846,
    -1.2476373540997108,
    0
  ],
  "orientation": [
    0,
    0,
    0.12359606054812126,
    0.9923326124929006
  ]
}