{
    "positon": [
      -2.1721033074095923,
      -0.8323086849755252,
      0
    ],
    "orientation": [
      0,
      0,
      -0.9998284267922612,
      0.018523417020405095
    ]
  }