{
    "positon": [
      -4.584840741315357,
      -1.6405716902142322,
      0
    ],
    "orientation": [
      0,
      0,
      0.7029351144713248,
      0.7112539805464609
    ]
  }