{
  "positon": [
    5.351430990895525,
    -5.940420083755691,
    0
  ],
  "orientation": [
    0,
    0,
    0.7023772472616445,
    0.7118048907735566
  ]
}