{
    "positon": [
      -0.38789235854843584,
      -3.9169834289768226,
      0
    ],
    "orientation": [
      0,
      0,
      0.999999999999999,
      -4.371139000186241e-08
    ]
  }