{
    "positon": [
      -5.906099532242326,
      -3.8580635507407735,
      0
    ],
    "orientation": [
      0,
      0,
      -0.9954737595723566,
      0.09503680341256171
    ]
  }