{
  "positon": [
    -1.5632933378219604,
    4.539323997497559,
    0
  ],
  "orientation": [
    0,
    0,
    -0.7074817619487095,
    0.7067316014654712
  ]
}