{
    "positon": [
      -2.005147933959961,
      6.340055465698242,
      0
    ],
    "orientation": [
      0,
      0,
      0.7051930674648487,
      0.7090153295941614
    ]
  }