{
    "positon": [
      -1.707449446100391,
      1.9340369720263983,
      0
    ],
    "orientation": [
      0,
      0,
      0.6957562548257492,
      0.6434432120130226
    ]
  }