{
  "positon": [
    -2.7098135034387743,
    2.0509327569991633,
    0
  ],
  "orientation": [
    0,
    0,
    -0.7071067966408575,
    0.7071067657322372
  ]
}