{
  "positon": [
    2.026028633117676,
    1.9843403100967407,
    0
  ],
  "orientation": [
    0,
    0,
    -0.7071067966408575,
    0.7071067657322372
  ]
}