{
    "positon": [
      -2.075011274570054,
      0.018100781961569216,
      0
    ],
    "orientation": [
      0,
      0,
      0.696299117943087,
      0.7177517247291567
    ]
  }