{
  "positon": [
    2.6502636800388406,
    -0.3342706802749359,
    0
  ],
  "orientation": [
    0,
    0,
    0.7016715241159598,
    0.7125005770136513
  ]
}