{
    "positon": [
      3.526789903640747,
      -1.3173354864120483,
      0
    ],
    "orientation": [
      0,
      0,
      1,
      0
    ]
  }