{
  "positon": [
    0.4697735778185702,
    -1.3790504068517713,
    0
  ],
  "orientation": [
    0,
    0,
    0.12359606054812126,
    0.9923326124929006
  ]
}