{
    "positon": [
      -1.8254918191197569,
      -0.9323450022272972,
      0
    ],
    "orientation": [
      0,
      0,
      -0.9998284267922612,
      0.018523417020405095
    ]
  }