{
    "positon": [
      -4.610673904418945,
      -1.9343146085739136,
      0
    ],
    "orientation": [
      0,
      0,
      0.7029351144713248,
      0.7112539805464609
    ]
  }