{
  "positon": [
    5.494454860687256,
    -6.253175258636475,
    0
  ],
  "orientation": [
    0,
    0,
    0.7023772472616445,
    0.7118048907735566
  ]
}