{
    "positon": [
      -0.11033092015298737,
      -3.961269091138861,
      0
    ],
    "orientation": [
      0,
      0,
      0.999999999999999,
      -4.371139000186241e-08
    ]
  }