{
    "positon": [
      -5.580462599686457,
      -3.668207143716041,
      0
    ],
    "orientation": [
      0,
      0,
      -0.9954737595723566,
      0.09503680341256171
    ]
  }